,Test recall,Test f1 micro,Test precision micro,Test accuracy,Test roc auc,#Indice
E1,0.6265060240963856,0.6141975308641975,0.6141975308641975,0.6141975308641975,0.6475522342534694,303
E2,0.7450980392156863,0.5925925925925926,0.5925925925925926,0.5925925925925926,0.6244314489928524,381
